Plant Code,Plant Name,Warehouse Code,Warehouse,Mode,Link Type,Route Type,PMT,Distance
KRI,Krishnapatnam,NELLO,Nellore,Rail,Primary,Plane,725.0531928,26.3
KRI,Krishnapatnam,GUDUR,Gudur,Rail,Primary,Plane,1499.987469,44
KRI,Krishnapatnam,NAYUD,Nayudupeta,Rail,Primary,Plane,917.0367432,70
KRI,Krishnapatnam,KAVAL,Kavali,Rail,Primary,Plane,1104.571706,82
KRI,Krishnapatnam,SULLU,Sullurpeta,Rail,Primary,Plane,1460.191629,97
KRI,Krishnapatnam,VINJA,Vinjamur,Rail,Primary,Plane,1373.270488,103
KRI,Krishnapatnam,TIRUP,Tirupati,Rail,Primary,Plane,1269.770454,133
KRI,Krishnapatnam,RAJAM,Rajampet,Rail,Primary,Plane,1641.028649,135
KRI,Krishnapatnam,KANDU,Kandukur,Rail,Primary,Plane,1584.189948,136
KRI,Krishnapatnam,ONGOL,Ongole,Rail,Primary,Plane,1349.294121,154
KRI,Krishnapatnam,NAGAR,Nagari,Rail,Primary,Plane,1589.348187,162
KRI,Krishnapatnam,CHENN,Chennai,Rail,Primary,Plane,719.881071,177
KRI,Krishnapatnam,CUDDA,Cuddapah,Rail,Primary,Plane,795.91681,183
KRI,Krishnapatnam,KADAP,Kadapa,Rail,Primary,Plane,783.6634513,183
KRI,Krishnapatnam,KANIG,Kanigiri,Rail,Primary,Plane,1834.146115,184
KRI,Krishnapatnam,RAYAC,Rayachoti,Rail,Primary,Plane,1740.493439,190
KRI,Krishnapatnam,ADDAN,Addanki,Rail,Primary,Plane,1466.995424,193
KRI,Krishnapatnam,CHITT,Chittoor,Rail,Primary,Plane,1236.228012,202
KRI,Krishnapatnam,PRODD,Proddatur,Rail,Primary,Plane,1587.996443,206
KRI,Krishnapatnam,CHIRA,Chirala,Rail,Primary,Plane,1910.334124,214
KRI,Krishnapatnam,DARSI,Darsi,Rail,Primary,Plane,2087.544693,226
KRI,Krishnapatnam,CHILA,Chilakaluripet,Rail,Primary,Plane,1101.149395,227
KRI,Krishnapatnam,GIDDA,Giddaluru,Rail,Primary,Plane,1282.684546,227
KRI,Krishnapatnam,PALAM,Palamaner,Rail,Primary,Plane,1473.269969,245
KRI,Krishnapatnam,MADAN,Madanapalle,Rail,Primary,Plane,1475.685901,249
KRI,Krishnapatnam,PUNGA,Punganur,Rail,Primary,Plane,1750.959779,250
KRI,Krishnapatnam,KADIR,Kadiri,Rail,Primary,Plane,1952.147407,264
KRI,Krishnapatnam,KOILK,Koilkuntla,Rail,Primary,Plane,1530.003,264
KRI,Krishnapatnam,GUNTU,Guntur,Rail,Primary,Plane,1039.052435,268
KRI,Krishnapatnam,SATTE,Sattenapalle,Rail,Primary,Plane,949.1851248,269
KRI,Krishnapatnam,TENAL,Tenali,Rail,Primary,Plane,1063.230247,291
KRI,Krishnapatnam,YADIK,Yadiki,Rail,Primary,Plane,973.917792,300
KRI,Krishnapatnam,VIJAY,Vijayawada,Rail,Primary,Plane,866.4972017,305
KRI,Krishnapatnam,DHONE,Dhone,Rail,Primary,Plane,2218.300439,331
KRI,Krishnapatnam,PONDI,Pondicherry,Rail,Primary,Plane,1167.761527,334
KRI,Krishnapatnam,ANANT,Anantapur,Rail,Primary,Plane,2017.723515,339
KRI,Krishnapatnam,GUDIV,Gudivada,Rail,Primary,Plane,1322.004439,345
KRI,Krishnapatnam,KURNO,Kurnool,Rail,Primary,Plane,1749.3961,351
KRI,Krishnapatnam,PENUK,Penukonda,Rail,Primary,Plane,2172.818179,353
KRI,Krishnapatnam,GUNTA,Guntakal,Rail,Primary,Plane,1739.706653,359
KRI,Krishnapatnam,TIRUV,Tiruvannamalai,Rail,Primary,Plane,1172.640227,359
KRI,Krishnapatnam,PATTI,Pattikonda,Rail,Primary,Plane,2439.224223,365
KRI,Krishnapatnam,HINDU,Hindupur,Rail,Primary,Plane,2275.172099,377
KRI,Krishnapatnam,BANGA,Bangalore,Rail,Primary,Plane,1183.081172,383
KRI,Krishnapatnam,BENGA,Bengaluru,Rail,Primary,Plane,1263.007732,383
KRI,Krishnapatnam,KALLU,Kallur,Rail,Primary,Plane,1199.979691,400
KRI,Krishnapatnam,ADONI,Adoni,Rail,Primary,Plane,2260.696439,403
KRI,Krishnapatnam,TADEP,Tadepalligudem,Rail,Primary,Plane,1350.003175,414
KRI,Krishnapatnam,MANTR,Mantralayam,Rail,Primary,Plane,1416.665331,433
KRI,Krishnapatnam,RAYAD,Rayadurg,Rail,Primary,Plane,2417.030915,452
KRI,Krishnapatnam,HYDER,Hyderabad,Rail,Primary,Plane,1509.354576,480
KRI,Krishnapatnam,TRICH,Trichy,Rail,Primary,Plane,1403.015841,497
KRI,Krishnapatnam,KAKIN,Kakinada,Rail,Primary,Plane,1318.004317,523
KRI,Krishnapatnam,TELAN,Telangana,Rail,Primary,Plane,1539.227666,539
KRI,Krishnapatnam,MYSOR,Mysore,Rail,Primary,Plane,1476.853343,544
KRI,Krishnapatnam,SRUNG,Srungavaram,Rail,Primary,Plane,1688.00293,544
KRI,Krishnapatnam,COIMB,Coimbatore,Rail,Primary,Plane,1606.771123,614
KRI,Krishnapatnam,ANAKA,Anakapalle,Rail,Primary,Plane,1705.131497,627
KRI,Krishnapatnam,MADUR,Madurai,Rail,Primary,Plane,1700.013622,627
KRI,Krishnapatnam,VISAK,Visakhapatnam,Rail,Primary,Plane,1436.888184,651
KRI,Krishnapatnam,VISHA,Vishakapatnam,Rail,Primary,Plane,1555.219211,651
KRI,Krishnapatnam,GULBA,Gulbarga,Rail,Primary,Plane,1485.908863,686
KRI,Krishnapatnam,SRUNG,Srungavarapukota,Rail,Primary,Plane,1937.986481,687
KRI,Krishnapatnam,VIZIA,Vizianagaram,Rail,Primary,Plane,1688.244615,699
KRI,Krishnapatnam,MANGA,Mangalore,Rail,Primary,Plane,2111.218592,732
KRI,Krishnapatnam,SRIKA,Srikakulam,Rail,Primary,Plane,1707.044348,756
KRI,Krishnapatnam,HUBLI,Hubli,Rail,Primary,Plane,1745.752471,766
KRI,Krishnapatnam,HUBLI,Hubli-Dharwad,Rail,Primary,Plane,1668.520293,766
KRI,Krishnapatnam,NARAS,Narasannapeta,Rail,Primary,Plane,1616.133666,780
KRI,Krishnapatnam,JEYPO,Jeypore,Rail,Primary,Plane,2258.540489,781
KRI,Krishnapatnam,JEYPU,Jeypur,Rail,Primary,Plane,2426.62846,781
KRI,Krishnapatnam,PARVA,Parvathipuram,Rail,Primary,Plane,1656.001887,785
KRI,Krishnapatnam,CALIC,Calicut,Rail,Primary,Plane,2431.670161,788
KRI,Krishnapatnam,KOCHI,Kochi,Rail,Primary,Plane,2260.882197,800
KRI,Krishnapatnam,SOLAP,Solapur,Rail,Primary,Plane,1752.283153,805
KRI,Krishnapatnam,SANGL,Sangli-Miraj & Kupwad,Rail,Primary,Plane,2021.109517,818
KRI,Krishnapatnam,BERHA,Berhampur,Rail,Primary,Plane,2010.428693,916
KRI,Krishnapatnam,BRAHM,Brahmapur,Rail,Primary,Plane,2225.870122,916
KRI,Krishnapatnam,GOA,Goa,Rail,Primary,Plane,2122.470809,916
KRI,Krishnapatnam,KOLHA,Kolhapur,Rail,Primary,Plane,2190.121275,968
KRI,Krishnapatnam,NAGPU,Nagpur,Rail,Primary,Plane,1753.76272,977
KRI,Krishnapatnam,AURAN,Aurangabad,Rail,Primary,Plane,1903.287083,1033
KRI,Krishnapatnam,PUNE,Pune,Rail,Primary,Plane,1907.238593,1055
KRI,Krishnapatnam,CHHIN,Chhindwara,Rail,Primary,Plane,2408.481166,1101
KRI,Krishnapatnam,CUTTA,Cuttack,Rail,Primary,Plane,2096.456563,1106
KRI,Krishnapatnam,JALGA,Jalgaon,Rail,Primary,Plane,1957.441318,1130
KRI,Krishnapatnam,NASHI,Nashik,Rail,Primary,Plane,1984.587587,1160
KRI,Krishnapatnam,PANVE,Panvel,Rail,Primary,Plane,1947.987606,1169
KRI,Krishnapatnam,NAVI ,Navi Mumbai,Rail,Primary,Plane,1941.035876,1182
KRI,Krishnapatnam,BHIWA,Bhiwandi,Rail,Primary,Plane,1962.196407,1211
KRI,Krishnapatnam,SAMBA,Sambalpur,Rail,Primary,Plane,2474.743211,1239
KRI,Krishnapatnam,RAIPU,Raipur,Rail,Primary,Plane,1971.142918,1257
KRI,Krishnapatnam,JABAL,Jabalpur,Rail,Primary,Plane,2545.45557,1261
KRI,Krishnapatnam,INDOR,Indore,Rail,Primary,Plane,2327.003897,1337
KRI,Krishnapatnam,BILAS,Bilaspur,Rail,Primary,Plane,2677.512959,1365
KRI,Krishnapatnam,SURAT,Surat,Rail,Primary,Plane,2143.178845,1401
KRI,Krishnapatnam,SATNA,Satna,Rail,Primary,Plane,2761.697377,1456
KRI,Krishnapatnam,HALDI,Haldia,Rail,Primary,Plane,2935.676802,1506
KRI,Krishnapatnam,KOLKA,Kolkata,Rail,Primary,Plane,3336.87283,1522
KRI,Krishnapatnam,RANCH,Ranchi,Rail,Primary,Plane,3386.567455,1533
KRI,Krishnapatnam,ASANS,Asansol,Rail,Primary,Plane,3192.415124,1588
KRI,Krishnapatnam,ALLAH,Allahabad,Rail,Primary,Plane,3686.113188,1611
KRI,Krishnapatnam,AHMED,Ahmedabad,Rail,Primary,Plane,2356.718066,1642
KRI,Krishnapatnam,GWALI,Gwalior,Rail,Primary,Plane,3131.950922,1679
KRI,Krishnapatnam,VARAN,Varanasi,Rail,Primary,Plane,4126.727955,1717
KRI,Krishnapatnam,AGRA,Agra,Rail,Primary,Plane,4073.616264,1810
KRI,Krishnapatnam,KANPU,Kanpur,Rail,Primary,Plane,3397.718765,1813
KRI,Krishnapatnam,RAJKO,Rajkot,Rail,Primary,Plane,2429.654776,1824
KRI,Krishnapatnam,MALDA,Malda,Rail,Primary,Plane,5475.997399,1856
KRI,Krishnapatnam,PURNE,Purnea,Rail,Primary,Plane,5701.969125,1885
KRI,Krishnapatnam,FAIZA,Faizabad,Rail,Primary,Plane,4118.182156,1893
KRI,Krishnapatnam,LUCKN,Lucknow,Rail,Primary,Plane,3697.698199,1901
KRI,Krishnapatnam,MUZAF,Muzaffarpur,Rail,Primary,Plane,4879.525835,1939
KRI,Krishnapatnam,CHAPR,Chapra,Rail,Primary,Plane,2063.07723,1942
KRI,Krishnapatnam,GHAZI,Ghaziabad,Rail,Primary,Plane,4057.482629,2029
KRI,Krishnapatnam,BAREI,Bareilly,Rail,Primary,Plane,3853.461065,2043
KRI,Krishnapatnam,SILIG,Siliguri,Rail,Primary,Plane,4765.997724,2053
KRI,Krishnapatnam,DELHI,Delhi,Rail,Primary,Plane,4214.96081,2054
KRI,Krishnapatnam,ROHTA,Rohtak,Rail,Primary,Plane,4015.474032,2112
KRI,Krishnapatnam,MORAD,Moradabad,Rail,Primary,Plane,4489.393916,2140
KRI,Krishnapatnam,SAHAR,Saharanpur,Rail,Primary,Plane,4257.760664,2210
KRI,Krishnapatnam,HISAR,Hisar,Rail,Primary,Plane,4149.938806,2213
KRI,Krishnapatnam,HISSA,Hissar,Rail,Primary,Plane,4080.165812,2213
KRI,Krishnapatnam,SHAHB,Shahbad,Rail,Primary,Plane,4761.945226,2214
KRI,Krishnapatnam,BIRGA,Birganj,Rail,Primary,Plane,6355.481261,2245
KRI,Krishnapatnam,PATLI,Patli,Rail,Primary,Plane,4011.967668,2262
KRI,Krishnapatnam,RAJPU,Rajpura,Rail,Primary,Plane,4428.934835,2263
KRI,Krishnapatnam,BADDI,Baddi,Rail,Primary,Plane,4452.045515,2316
KRI,Krishnapatnam,LUDHI,Ludhiana,Rail,Primary,Plane,3942.237454,2345
KRI,Krishnapatnam,BHATI,Bhatinda,Rail,Primary,Plane,4130.966532,2364
KRI,Krishnapatnam,JALAN,Jalandhar,Rail,Primary,Plane,4904.94382,2407
KRI,Krishnapatnam,JALLA,Jallandhar,Rail,Primary,Plane,4105.495222,2407
KRI,Krishnapatnam,AMRIT,Amritsar,Rail,Primary,Plane,4314.924135,2487
KRI,Krishnapatnam,BEHRA,Behrampur,Rail,Primary,Plane,2325.184836,2513
KRI,Krishnapatnam,JAMMU,Jammu,Rail,Primary,Plane,5199.989868,2626
MNG,Manglore,BHATK,Bhatkal,Rail,Primary,Plane,662,144
MNG,Manglore,CHIKM,Chikmagalur,Rail,Primary,Plane,813,151
MNG,Manglore,HASSA,Hassan,Rail,Primary,Plane,841,171
MNG,Manglore,HONAV,Honavar,Rail,Primary,Plane,694,180
MNG,Manglore,PIRIY,Piriyapatna,Rail,Primary,Plane,997,188
MNG,Manglore,SHIMO,Shimoga,Rail,Primary,Plane,742,191
MNG,Manglore,BHADR,Bhadravati,Rail,Primary,Plane,815,197
MNG,Manglore,KUMTA,Kumta,Rail,Primary,Plane,833,201
MNG,Manglore,HUNSU,Hunsur,Rail,Primary,Plane,848,212
MNG,Manglore,ARSIK,Arsikere,Rail,Primary,Plane,855,216
MNG,Manglore,KRISH,Krishnarajanagar,Rail,Primary,Plane,919,229
MNG,Manglore,CALIC,Calicut,Rail,Primary,Plane,960,232
MNG,Manglore,KOZHI,Kozhikode,Rail,Primary,Plane,965,232
MNG,Manglore,TIPTU,Tiptur,Rail,Primary,Plane,939,236
MNG,Manglore,HEGGA,Heggadadevanakote,Rail,Primary,Plane,1101,240
MNG,Manglore,HOSDU,Hosdurga,Rail,Primary,Plane,1051,240
MNG,Manglore,HIREK,Hirekerur,Rail,Primary,Plane,1202,252
MNG,Manglore,MYSOR,Mysore,Rail,Primary,Plane,863,255
MNG,Manglore,TURUV,Turuvekere,Rail,Primary,Plane,1075,259
MNG,Manglore,NAGAM,Nagamangala,Rail,Primary,Plane,1024,262
MNG,Manglore,SHRIR,Shrirangapattana,Rail,Primary,Plane,1048,263
MNG,Manglore,HOLAL,Holalkere,Rail,Primary,Plane,1047,264
MNG,Manglore,PANDA,Pandavapura,Rail,Primary,Plane,1082,268
MNG,Manglore,DAVAN,Davanagere,Rail,Primary,Plane,984,270
MNG,Manglore,KARWA,Karwar,Rail,Primary,Plane,893,272
MNG,Manglore,RANIB,Ranibennur,Rail,Primary,Plane,911,279
MNG,Manglore,NANJA,Nanjangud,Rail,Primary,Plane,1010,281
MNG,Manglore,BANNU,Bannur,Rail,Primary,Plane,1008,282
MNG,Manglore,HAVER,Haveri,Rail,Primary,Plane,1125,283
MNG,Manglore,MANDY,Mandya,Rail,Primary,Plane,1028,288
MNG,Manglore,YELLA,Yellapur,Rail,Primary,Plane,854,288
MNG,Manglore,TIRUM,Tirumakudal-Narsipur,Rail,Primary,Plane,961,291
MNG,Manglore,CHITR,Chitradurga,Rail,Primary,Plane,1044,295
MNG,Manglore,MALAV,Malavalli,Rail,Primary,Plane,1102,304
MNG,Manglore,MUNDG,Mundgod,Rail,Primary,Plane,1038,317
MNG,Manglore,TUMKU,Tumkur,Rail,Primary,Plane,1048,318
MNG,Manglore,HOSAR,Hosaritti,Rail,Primary,Plane,989,325
MNG,Manglore,MADDU,Maddur,Rail,Primary,Plane,1050,327
MNG,Manglore,SIDDA,Siddapur,Rail,Primary,Plane,995,332
MNG,Manglore,HANUR,Hanur,Rail,Primary,Plane,1283,340
MNG,Manglore,RAMAN,Ramanagara,Rail,Primary,Plane,1144,340
MNG,Manglore,CHAMR,Chamrajnagar,Rail,Primary,Plane,1104,343
MNG,Manglore,SHIGG,Shiggaon,Rail,Primary,Plane,1196,343
MNG,Manglore,SAVAN,Savanur,Rail,Primary,Plane,1041,345
MNG,Manglore,MUNDA,Mundargi,Rail,Primary,Plane,1201,348
MNG,Manglore,BANGA,Bangalore,Rail,Primary,Plane,973,352
MNG,Manglore,BENGA,Bengaluru,Rail,Primary,Plane,979,352
MNG,Manglore,GOA,Goa,Rail,Primary,Plane,943,355
MNG,Manglore,HUBLI,Hubli,Rail,Primary,Plane,898,358
MNG,Manglore,HUBLI,Hubli-Dharwad,Rail,Primary,Plane,912,358
MNG,Manglore,SHIRH,Shirhatti,Rail,Primary,Plane,1147,359
MNG,Manglore,DHARW,Dharwad,Rail,Primary,Plane,1104,363
MNG,Manglore,HOSKO,Hoskote,Rail,Primary,Plane,1207,376
MNG,Manglore,DASAR,Dasarahalli,Rail,Primary,Plane,2315,381
MNG,Manglore,VIJAY,Vijayapura,Rail,Primary,Plane,1883,387
MNG,Manglore,KHANA,Khanapur,Rail,Primary,Plane,1185,390
MNG,Manglore,CHIK ,Chik Ballapur,Rail,Primary,Plane,1483,396
MNG,Manglore,KOPPA,Koppal,Rail,Primary,Plane,1177,400
MNG,Manglore,SAUND,Saundatti,Rail,Primary,Plane,1107,404
MNG,Manglore,ERNAK,Ernakulam,Rail,Primary,Plane,1340,407
MNG,Manglore,GADAG,Gadag-Betigeri,Rail,Primary,Plane,954,410
MNG,Manglore,KOLAR,Kolar,Rail,Primary,Plane,1525,415
MNG,Manglore,COCHI,Cochin,Rail,Primary,Plane,1458,416
MNG,Manglore,KOCHI,Kochi,Rail,Primary,Plane,1397,416
MNG,Manglore,GANGA,Gangawati,Rail,Primary,Plane,1223,420
MNG,Manglore,CHINT,Chintamani,Rail,Primary,Plane,1408,425
MNG,Manglore,BANGA,Bangarapet,Rail,Primary,Plane,1804,431
MNG,Manglore,PAVAG,Pavagada,Rail,Primary,Plane,1235,435
MNG,Manglore,RAMDU,Ramdurg,Rail,Primary,Plane,1360,439
MNG,Manglore,BELGA,Belgaum,Rail,Primary,Plane,989,440
MNG,Manglore,BELLA,Bellary,Rail,Primary,Plane,1132,446
MNG,Manglore,COIMB,Coimbatore,Rail,Primary,Plane,1493,454
MNG,Manglore,GOKAK,Gokak,Rail,Primary,Plane,1210,467
MNG,Manglore,BAGAL,Bagalkot,Rail,Primary,Plane,1226,478
MNG,Manglore,SANKE,Sankeshwar,Rail,Primary,Plane,1145,485
MNG,Manglore,HUKER,Hukeri,Rail,Primary,Plane,1163,486
MNG,Manglore,CHIKO,Chikodi,Rail,Primary,Plane,1197,505
MNG,Manglore,MUDDE,Muddebihal,Rail,Primary,Plane,1425,506
MNG,Manglore,NIPAN,Nipani,Rail,Primary,Plane,1154,509
MNG,Manglore,JAMKH,Jamkhandi,Rail,Primary,Plane,1344,512
MNG,Manglore,RAYBA,Raybag,Rail,Primary,Plane,1166,525
MNG,Manglore,TALIK,Talikota,Rail,Primary,Plane,1439,532
MNG,Manglore,BASAV,Basavana Bagevadi,Rail,Primary,Plane,1400,539
MNG,Manglore,KOLHA,Kolhapur,Rail,Primary,Plane,1515,546
MNG,Manglore,BIJAP,Bijapur,Rail,Primary,Plane,1258,553
MNG,Manglore,RAICH,Raichur,Rail,Primary,Plane,1321,556
MNG,Manglore,TIRUV,Tiruvannamalai,Rail,Primary,Plane,1860,561
MNG,Manglore,ATHNI,Athni,Rail,Primary,Plane,1334,572
MNG,Manglore,ALIYA,Aliyabad,Rail,Primary,Plane,1244,607
MNG,Manglore,YADGI,Yadgir,Rail,Primary,Plane,1551,612
MNG,Manglore,MADUR,Madurai,Rail,Primary,Plane,1818,637
MNG,Manglore,SOLAP,Solapur,Rail,Primary,Plane,1682,652
MNG,Manglore,GULBA,Gulbarga,Rail,Primary,Plane,1530,670
MNG,Manglore,PONDI,Pondicherry,Rail,Primary,Plane,1973,675
MNG,Manglore,TRICH,Trichy,Rail,Primary,Plane,1821,701
MNG,Manglore,CHENN,Chennai,Rail,Primary,Plane,1880,705
MNG,Manglore,HOMNA,Homnabad,Rail,Primary,Plane,1761,734
MNG,Manglore,BASAV,Basavakalyan,Rail,Primary,Plane,1773,753
MNG,Manglore,PUNE,Pune,Rail,Primary,Plane,1640,771
MNG,Manglore,BIDAR,Bidar,Rail,Primary,Plane,1719,783
MNG,Manglore,PANVE,Panvel,Rail,Primary,Plane,1934,881
MNG,Manglore,NAVI ,Navi Mumbai,Rail,Primary,Plane,1834,893
MNG,Manglore,HYDER,Hyderabad,Rail,Primary,Plane,1969,907
MNG,Manglore,BHIWA,Bhiwandi,Rail,Primary,Plane,1856,923
MNG,Manglore,AURAN,Aurangabad,Rail,Primary,Plane,1932,975
MNG,Manglore,NASHI,Nashik,Rail,Primary,Plane,1899,990
MNG,Manglore,JALGA,Jalgaon,Rail,Primary,Plane,2055,1129
MNG,Manglore,SURAT,Surat,Rail,Primary,Plane,2361,1187
MNG,Manglore,INDOR,Indore,Rail,Primary,Plane,2531,1346
MNG,Manglore,AHMED,Ahmedabad,Rail,Primary,Plane,2600,1428
MNG,Manglore,NAGPU,Nagpur,Rail,Primary,Plane,2615,1428
MNG,Manglore,RAIPU,Raipur,Rail,Primary,Plane,3161,1708
MNG,Manglore,BILAS,Bilaspur,Rail,Primary,Plane,3529,1816
MNG,Manglore,JHANS,Jhansi,Rail,Primary,Plane,4928,2021
MNG,Manglore,KAMAL,Kamalnagar,Rail,Primary,Plane,1887,2199
MNG,Manglore,AGRA,Agra,Rail,Primary,Plane,5038,2261
MNG,Manglore,KANPU,Kanpur,Rail,Primary,Plane,5442,2264
MNG,Manglore,LUCKN,Lucknow,Rail,Primary,Plane,5639,2352
MNG,Manglore,SHAHB,Shahbad,Rail,Primary,Plane,1554,2386
MNG,Manglore,RAMNA,Ramnagar,Rail,Primary,Plane,1115,2451
KAK,Kakinada,PITAP,Pitapuram,Rail,Primary,Plane,434.4664431,15.4
KAK,Kakinada,PEDDA,Peddapuram,Rail,Primary,Plane,1041.02931,21.8
KAK,Kakinada,GOLLA,Gollala Mamidada,Rail,Primary,Plane,979.4703025,24.5
KAK,Kakinada,KATHI,Kathipudi,Rail,Primary,Plane,810.6946518,37.7
KAK,Kakinada,SRUNG,Srungavaram,Rail,Primary,Plane,860.5761714,45.8
KAK,Kakinada,TUNI,Tuni,Rail,Primary,Plane,879.4774469,59.5
KAK,Kakinada,RAJAH,Rajahmundry,Rail,Primary,Plane,1838.720973,63.5
KAK,Kakinada,PENUG,Penugonda,Rail,Primary,Plane,2170.279579,84.9
KAK,Kakinada,TANUK,Tanuku,Rail,Primary,Plane,2169.250876,92.1
KAK,Kakinada,POLAV,Polavaram,Rail,Primary,Plane,2783.034815,99.5
KAK,Kakinada,TADEP,Tadepalligudem,Rail,Primary,Plane,718.1019909,101
KAK,Kakinada,NARSI,Narsipatnam,Rail,Primary,Plane,1021.676766,106
KAK,Kakinada,ANAKA,Anakapalle,Rail,Primary,Plane,866.4959226,130
KAK,Kakinada,CHODA,Chodavaram,Rail,Primary,Plane,815.1754654,149
KAK,Kakinada,ELURU,Eluru,Rail,Primary,Plane,770.1347899,154
KAK,Kakinada,GAJUW,Gajuwaka,Rail,Primary,Plane,959.9515523,154
KAK,Kakinada,VISAK,Visakhapatnam,Rail,Primary,Plane,909.2727524,155
KAK,Kakinada,VISHA,Vishakapatnam,Rail,Primary,Plane,810.7433247,155
KAK,Kakinada,CHINT,Chintalapudi,Rail,Primary,Plane,2579.698475,168
KAK,Kakinada,NUZVI,Nuzvid,Rail,Primary,Plane,1529.62105,183
KAK,Kakinada,SRUNG,Srungavarapukota,Rail,Primary,Plane,1095.949941,191
KAK,Kakinada,VIZIA,Vizianagaram,Rail,Primary,Plane,1004.50814,203
KAK,Kakinada,MYLAV,Mylavaram,Rail,Primary,Plane,1563.778437,209
KAK,Kakinada,VIJAY,Vijayawada,Rail,Primary,Plane,802.4791256,213
KAK,Kakinada,MANGA,Mangalagiri,Rail,Primary,Plane,1554.430413,226
KAK,Kakinada,MACHI,Machilipatnam,Rail,Primary,Plane,1035.701693,236
KAK,Kakinada,TENAL,Tenali,Rail,Primary,Plane,950.9335158,246
KAK,Kakinada,BUDUM,Budumuru,Rail,Primary,Plane,1357.528221,247
KAK,Kakinada,GUNTU,Guntur,Rail,Primary,Plane,1451.69745,250
KAK,Kakinada,SALUR,Salur,Rail,Primary,Plane,1346.143458,260
KAK,Kakinada,SRIKA,Srikakulam,Rail,Primary,Plane,996.612477,260
KAK,Kakinada,BOBBI,Bobbili,Rail,Primary,Plane,1196.319764,264
KAK,Kakinada,AMADA,Amadalavalasa,Rail,Primary,Plane,1201.463335,269
KAK,Kakinada,RAJAM,Rajam,Rail,Primary,Plane,1247.058435,277
KAK,Kakinada,NARAS,Narasannapeta,Rail,Primary,Plane,1250.887553,283
KAK,Kakinada,SATTE,Sattenapalle,Rail,Primary,Plane,1028.900525,286
KAK,Kakinada,PARVA,Parvathipuram,Rail,Primary,Plane,1174.465541,289
KAK,Kakinada,CHILA,Chilakaluripet,Rail,Primary,Plane,982.9033579,290
KAK,Kakinada,PALAK,Palakonda,Rail,Primary,Plane,1397.04188,297
KAK,Kakinada,BUDIT,Budithi,Rail,Primary,Plane,1250.693315,299
KAK,Kakinada,KOTAB,Kotabommali,Rail,Primary,Plane,1783.294899,299
KAK,Kakinada,HIRAM,Hiramandalam,Rail,Primary,Plane,1302.934972,300
KAK,Kakinada,KURUP,Kurupam,Rail,Primary,Plane,1257.452882,315
KAK,Kakinada,JEYPO,Jeypore,Rail,Primary,Plane,1776.363961,325
KAK,Kakinada,JEYPU,Jeypur,Rail,Primary,Plane,1772.458203,325
KAK,Kakinada,PATHA,Pathapatnam,Rail,Primary,Plane,1370.801113,325
KAK,Kakinada,MILIA,Miliaputti,Rail,Primary,Plane,1533.52009,337
KAK,Kakinada,PALAS,Palasa @ Kasibugga,Rail,Primary,Plane,1553.877725,347
KAK,Kakinada,MANDA,Mandasa,Rail,Primary,Plane,1630.170044,358
KAK,Kakinada,SOMPE,Sompeta,Rail,Primary,Plane,1634.252656,370
KAK,Kakinada,ICHCH,Ichchapuram,Rail,Primary,Plane,3811.853404,392
KAK,Kakinada,BEHRA,Behrampur,Rail,Primary,Plane,1620.045464,419
KAK,Kakinada,BERHA,Berhampur,Rail,Primary,Plane,1621.049958,420
KAK,Kakinada,BRAHM,Brahmapur,Rail,Primary,Plane,1627.665593,420
KAK,Kakinada,KAVAL,Kavali,Rail,Primary,Plane,1530.133014,432
KAK,Kakinada,TELAN,Telangana,Rail,Primary,Plane,1494.690863,439
KAK,Kakinada,HYDER,Hyderabad,Rail,Primary,Plane,1617.062693,484
KAK,Kakinada,NELLO,Nellore,Rail,Primary,Plane,1527.603496,492
KAK,Kakinada,BOLLA,Bollaram,Rail,Primary,Plane,1777.883444,509
KAK,Kakinada,KURNO,Kurnool,Rail,Primary,Plane,1943.580807,555
KAK,Kakinada,CUDDA,Cuddapah,Rail,Primary,Plane,1662.64985,583
KAK,Kakinada,MEDAK,Medak,Rail,Primary,Plane,1967.405855,592
KAK,Kakinada,CUTTA,Cuttack,Rail,Primary,Plane,1856.059341,610
KAK,Kakinada,RAIPU,Raipur,Rail,Primary,Plane,2080.855714,648
KAK,Kakinada,CHENN,Chennai,Rail,Primary,Plane,2825.833286,665
KAK,Kakinada,CHITT,Chittoor,Rail,Primary,Plane,1851.037655,690
KAK,Kakinada,SAMBA,Sambalpur,Rail,Primary,Plane,2347.915237,742
KAK,Kakinada,BILAS,Bilaspur,Rail,Primary,Plane,2617.334671,766
KAK,Kakinada,KOTTU,Kotturu,Rail,Primary,Plane,1378.171109,805
KAK,Kakinada,SOLAP,Solapur,Rail,Primary,Plane,3021.580336,809
KAK,Kakinada,NAGPU,Nagpur,Rail,Primary,Plane,2246.756492,817
KAK,Kakinada,BENGA,Bengaluru,Rail,Primary,Plane,2499.714519,853
KAK,Kakinada,JAMSH,Jamshedpur,Rail,Primary,Plane,2861.744751,934
KAK,Kakinada,CHHIN,Chhindwara,Rail,Primary,Plane,2714.777982,946
KAK,Kakinada,HUBLI,Hubli,Rail,Primary,Plane,2458.269232,974
KAK,Kakinada,HUBLI,Hubli-Dharwad,Rail,Primary,Plane,2787.074598,974
KAK,Kakinada,HALDI,Haldia,Rail,Primary,Plane,2860.328636,1009
KAK,Kakinada,HAORA,Haora,Rail,Primary,Plane,2820.127029,1010
KAK,Kakinada,KOLKA,Kolkata,Rail,Primary,Plane,2895.737918,1026
KAK,Kakinada,RANCH,Ranchi,Rail,Primary,Plane,3294.123411,1037
KAK,Kakinada,YELLA,Yellapur,Rail,Primary,Plane,2781.345107,1041
KAK,Kakinada,SHIRU,Shirur,Rail,Primary,Plane,2238.6688,1048
KAK,Kakinada,PUNE,Pune,Rail,Primary,Plane,2267.009104,1060
KAK,Kakinada,DHANB,Dhanbad,Rail,Primary,Plane,3401.951452,1076
KAK,Kakinada,JABAL,Jabalpur,Rail,Primary,Plane,2881.080513,1089
KAK,Kakinada,ASANS,Asansol,Rail,Primary,Plane,3181.606464,1091
KAK,Kakinada,COIMB,Coimbatore,Rail,Primary,Plane,2517.704239,1102
KAK,Kakinada,MADUR,Madurai,Rail,Primary,Plane,3391.719983,1115
KAK,Kakinada,SATNA,Satna,Rail,Primary,Plane,3332.460987,1152
KAK,Kakinada,NASHI,Nashik,Rail,Primary,Plane,2594.800503,1165
KAK,Kakinada,NAVI ,Navi Mumbai,Rail,Primary,Plane,2733.849777,1186
KAK,Kakinada,MANGA,Mangalore,Rail,Primary,Plane,3140.611796,1191
KAK,Kakinada,BHIWA,Bhiwandi,Rail,Primary,Plane,2728.88076,1216
KAK,Kakinada,CALIC,Calicut,Rail,Primary,Plane,3559.751919,1276
KAK,Kakinada,COCHI,Cochin,Rail,Primary,Plane,3439.880791,1288
KAK,Kakinada,KOCHI,Kochi,Rail,Primary,Plane,3266.373514,1288
KAK,Kakinada,INDOR,Indore,Rail,Primary,Plane,2757.369107,1342
KAK,Kakinada,MALDA,Malda,Rail,Primary,Plane,3774.357309,1360
KAK,Kakinada,PATNA,Patna,Rail,Primary,Plane,4092.930434,1383
KAK,Kakinada,PURNE,Purnea,Rail,Primary,Plane,4481.710981,1389
KAK,Kakinada,SURAT,Surat,Rail,Primary,Plane,2827.108517,1406
KAK,Kakinada,MUZAF,Muzaffarpur,Rail,Primary,Plane,4717.066201,1443
KAK,Kakinada,GWALI,Gwalior,Rail,Primary,Plane,3852.926374,1516
KAK,Kakinada,SILIG,Siliguri,Rail,Primary,Plane,4271.688549,1557
KAK,Kakinada,AGRA,Agra,Rail,Primary,Plane,4215.16723,1647
KAK,Kakinada,AHMED,Ahmedabad,Rail,Primary,Plane,2969.992444,1647
KAK,Kakinada,LUCKN,Lucknow,Rail,Primary,Plane,4765.550191,1738
KAK,Kakinada,RAJKO,Rajkot,Rail,Primary,Plane,2990.330802,1828
KAK,Kakinada,GHAZI,Ghaziabad,Rail,Primary,Plane,4373.185563,1867
KAK,Kakinada,JAIPU,Jaipur,Rail,Primary,Plane,3841.340995,1871
KAK,Kakinada,KARAW,Karawal Nagar,Rail,Primary,Plane,4340.810294,1877
KAK,Kakinada,BAREI,Bareilly,Rail,Primary,Plane,4519.624379,1880
KAK,Kakinada,DELHI,Delhi,Rail,Primary,Plane,4440.751281,1891
KAK,Kakinada,JODHP,Jodhpur,Rail,Primary,Plane,4296.673815,1920
KAK,Kakinada,SONIP,Sonipat,Rail,Primary,Plane,4616.183748,1920
KAK,Kakinada,ROHTA,Rohtak,Rail,Primary,Plane,5457.928062,1949
KAK,Kakinada,SITAR,Sitarganj,Rail,Primary,Plane,4904.42593,1967
KAK,Kakinada,HALDW,Haldwani,Rail,Primary,Plane,4905.592657,1983
KAK,Kakinada,GUWAH,Guwahati,Rail,Primary,Plane,5911.749828,1985
KAK,Kakinada,KARNA,Karnal,Rail,Primary,Plane,4410.543997,1992
KAK,Kakinada,KASHI,Kashipur,Rail,Primary,Plane,4665.077097,2041
KAK,Kakinada,SAHAR,Saharanpur,Rail,Primary,Plane,4934.435343,2048
KAK,Kakinada,SHAHB,Shahbad,Rail,Primary,Plane,4766.143367,2052
KAK,Kakinada,GORAK,Gorakhpur,Rail,Primary,Plane,5727.925566,2084
KAK,Kakinada,PATLI,Patli,Rail,Primary,Plane,4877.414293,2100
KAK,Kakinada,RAJPU,Rajpura,Rail,Primary,Plane,4848.030057,2100
KAK,Kakinada,NAHAN,Nahan,Rail,Primary,Plane,5122.429623,2126
KAK,Kakinada,BADDI,Baddi,Rail,Primary,Plane,6191.992117,2153
KAK,Kakinada,LUDHI,Ludhiana,Rail,Primary,Plane,5026.951183,2183
KAK,Kakinada,BHATI,Bhatinda,Rail,Primary,Plane,5119.257782,2202
KAK,Kakinada,JALLA,Jallandhar,Rail,Primary,Plane,4748.240147,2245
KAK,Kakinada,AMRIT,Amritsar,Rail,Primary,Plane,5485.4738,2324
KAK,Kakinada,JAMMU,Jammu,Rail,Primary,Plane,6275.12484,2463
KRI,Krishnapatnam,NELLO,Nellore,Road,Secondary,Hilli,725.0531928,26.3
KRI,Krishnapatnam,GUDUR,Gudur,Road,Secondary,Hilli,1499.987469,44
KRI,Krishnapatnam,NAYUD,Nayudupeta,Road,Secondary,Hilli,917.0367432,70
KRI,Krishnapatnam,KAVAL,Kavali,Road,Secondary,Hilli,1104.571706,82
KRI,Krishnapatnam,SULLU,Sullurpeta,Road,Secondary,Hilli,1460.191629,97
KRI,Krishnapatnam,VINJA,Vinjamur,Road,Secondary,Hilli,1373.270488,103
KRI,Krishnapatnam,TIRUP,Tirupati,Road,Secondary,Hilli,1269.770454,133
KRI,Krishnapatnam,RAJAM,Rajampet,Road,Secondary,Hilli,1641.028649,135
KRI,Krishnapatnam,KANDU,Kandukur,Road,Secondary,Hilli,1584.189948,136
KRI,Krishnapatnam,ONGOL,Ongole,Road,Secondary,Hilli,1349.294121,154
KRI,Krishnapatnam,NAGAR,Nagari,Road,Secondary,Hilli,1589.348187,162
KRI,Krishnapatnam,CHENN,Chennai,Road,Secondary,Hilli,719.881071,177
KRI,Krishnapatnam,CUDDA,Cuddapah,Road,Secondary,Hilli,795.91681,183
KRI,Krishnapatnam,KADAP,Kadapa,Road,Secondary,Hilli,783.6634513,183
KRI,Krishnapatnam,KANIG,Kanigiri,Road,Secondary,Hilli,1834.146115,184
KRI,Krishnapatnam,RAYAC,Rayachoti,Road,Secondary,Hilli,1740.493439,190
KRI,Krishnapatnam,ADDAN,Addanki,Road,Secondary,Hilli,1466.995424,193
KRI,Krishnapatnam,CHITT,Chittoor,Road,Secondary,Hilli,1236.228012,202
KRI,Krishnapatnam,PRODD,Proddatur,Road,Secondary,Hilli,1587.996443,206
KRI,Krishnapatnam,CHIRA,Chirala,Road,Secondary,Hilli,1910.334124,214
KRI,Krishnapatnam,DARSI,Darsi,Road,Secondary,Hilli,2087.544693,226
KRI,Krishnapatnam,CHILA,Chilakaluripet,Road,Secondary,Hilli,1101.149395,227
KRI,Krishnapatnam,GIDDA,Giddaluru,Road,Secondary,Hilli,1282.684546,227
KRI,Krishnapatnam,PALAM,Palamaner,Road,Secondary,Hilli,1473.269969,245
KRI,Krishnapatnam,MADAN,Madanapalle,Road,Secondary,Hilli,1475.685901,249
KRI,Krishnapatnam,PUNGA,Punganur,Road,Secondary,Hilli,1750.959779,250
KRI,Krishnapatnam,KADIR,Kadiri,Road,Secondary,Hilli,1952.147407,264
KRI,Krishnapatnam,KOILK,Koilkuntla,Road,Secondary,Hilli,1530.003,264
KRI,Krishnapatnam,GUNTU,Guntur,Road,Secondary,Hilli,1039.052435,268
KRI,Krishnapatnam,SATTE,Sattenapalle,Road,Secondary,Hilli,949.1851248,269
KRI,Krishnapatnam,TENAL,Tenali,Road,Secondary,Hilli,1063.230247,291
KRI,Krishnapatnam,YADIK,Yadiki,Road,Secondary,Hilli,973.917792,300
KRI,Krishnapatnam,VIJAY,Vijayawada,Road,Secondary,Hilli,866.4972017,305
KRI,Krishnapatnam,DHONE,Dhone,Road,Secondary,Hilli,2218.300439,331
KRI,Krishnapatnam,PONDI,Pondicherry,Road,Secondary,Hilli,1167.761527,334
KRI,Krishnapatnam,ANANT,Anantapur,Road,Secondary,Hilli,2017.723515,339
KRI,Krishnapatnam,GUDIV,Gudivada,Road,Secondary,Hilli,1322.004439,345
KRI,Krishnapatnam,KURNO,Kurnool,Road,Secondary,Hilli,1749.3961,351
KRI,Krishnapatnam,PENUK,Penukonda,Road,Secondary,Hilli,2172.818179,353
KRI,Krishnapatnam,GUNTA,Guntakal,Road,Secondary,Hilli,1739.706653,359
KRI,Krishnapatnam,TIRUV,Tiruvannamalai,Road,Secondary,Hilli,1172.640227,359
KRI,Krishnapatnam,PATTI,Pattikonda,Road,Secondary,Hilli,2439.224223,365
KRI,Krishnapatnam,HINDU,Hindupur,Road,Secondary,Hilli,2275.172099,377
KRI,Krishnapatnam,BANGA,Bangalore,Road,Secondary,Hilli,1183.081172,383
KRI,Krishnapatnam,BENGA,Bengaluru,Road,Secondary,Hilli,1263.007732,383
KRI,Krishnapatnam,KALLU,Kallur,Road,Secondary,Hilli,1199.979691,400
KRI,Krishnapatnam,ADONI,Adoni,Road,Secondary,Hilli,2260.696439,403
KRI,Krishnapatnam,TADEP,Tadepalligudem,Road,Secondary,Hilli,1350.003175,414
KRI,Krishnapatnam,MANTR,Mantralayam,Road,Secondary,Hilli,1416.665331,433
KRI,Krishnapatnam,RAYAD,Rayadurg,Road,Secondary,Hilli,2417.030915,452
KRI,Krishnapatnam,HYDER,Hyderabad,Road,Secondary,Hilli,1509.354576,480
KRI,Krishnapatnam,TRICH,Trichy,Road,Secondary,Hilli,1403.015841,497
KRI,Krishnapatnam,KAKIN,Kakinada,Road,Secondary,Hilli,1318.004317,523
KRI,Krishnapatnam,TELAN,Telangana,Road,Secondary,Hilli,1539.227666,539
KRI,Krishnapatnam,MYSOR,Mysore,Road,Secondary,Hilli,1476.853343,544
KRI,Krishnapatnam,SRUNG,Srungavaram,Road,Secondary,Hilli,1688.00293,544
KRI,Krishnapatnam,COIMB,Coimbatore,Road,Secondary,Hilli,1606.771123,614
KRI,Krishnapatnam,ANAKA,Anakapalle,Road,Secondary,Hilli,1705.131497,627
KRI,Krishnapatnam,MADUR,Madurai,Road,Secondary,Hilli,1700.013622,627
KRI,Krishnapatnam,VISAK,Visakhapatnam,Road,Secondary,Hilli,1436.888184,651
KRI,Krishnapatnam,VISHA,Vishakapatnam,Road,Secondary,Hilli,1555.219211,651
KRI,Krishnapatnam,GULBA,Gulbarga,Road,Secondary,Hilli,1485.908863,686
KRI,Krishnapatnam,SRUNG,Srungavarapukota,Road,Secondary,Hilli,1937.986481,687
KRI,Krishnapatnam,VIZIA,Vizianagaram,Road,Secondary,Hilli,1688.244615,699
KRI,Krishnapatnam,MANGA,Mangalore,Road,Secondary,Hilli,2111.218592,732
KRI,Krishnapatnam,SRIKA,Srikakulam,Road,Secondary,Hilli,1707.044348,756
KRI,Krishnapatnam,HUBLI,Hubli,Road,Secondary,Hilli,1745.752471,766
KRI,Krishnapatnam,HUBLI,Hubli-Dharwad,Road,Secondary,Hilli,1668.520293,766
KRI,Krishnapatnam,NARAS,Narasannapeta,Road,Secondary,Hilli,1616.133666,780
KRI,Krishnapatnam,JEYPO,Jeypore,Road,Secondary,Hilli,2258.540489,781
KRI,Krishnapatnam,JEYPU,Jeypur,Road,Secondary,Hilli,2426.62846,781
KRI,Krishnapatnam,PARVA,Parvathipuram,Road,Secondary,Hilli,1656.001887,785
KRI,Krishnapatnam,CALIC,Calicut,Road,Secondary,Hilli,2431.670161,788
KRI,Krishnapatnam,KOCHI,Kochi,Road,Secondary,Hilli,2260.882197,800
KRI,Krishnapatnam,SOLAP,Solapur,Road,Secondary,Hilli,1752.283153,805
KRI,Krishnapatnam,SANGL,Sangli-Miraj & Kupwad,Road,Secondary,Hilli,2021.109517,818
KRI,Krishnapatnam,BERHA,Berhampur,Road,Secondary,Hilli,2010.428693,916
KRI,Krishnapatnam,BRAHM,Brahmapur,Road,Secondary,Hilli,2225.870122,916
KRI,Krishnapatnam,GOA,Goa,Road,Secondary,Hilli,2122.470809,916
KRI,Krishnapatnam,KOLHA,Kolhapur,Road,Secondary,Hilli,2190.121275,968
KRI,Krishnapatnam,NAGPU,Nagpur,Road,Secondary,Hilli,1753.76272,977
KRI,Krishnapatnam,AURAN,Aurangabad,Road,Secondary,Hilli,1903.287083,1033
KRI,Krishnapatnam,PUNE,Pune,Road,Secondary,Hilli,1907.238593,1055
KRI,Krishnapatnam,CHHIN,Chhindwara,Road,Secondary,Hilli,2408.481166,1101
KRI,Krishnapatnam,CUTTA,Cuttack,Road,Secondary,Hilli,2096.456563,1106
KRI,Krishnapatnam,JALGA,Jalgaon,Road,Secondary,Hilli,1957.441318,1130
KRI,Krishnapatnam,NASHI,Nashik,Road,Secondary,Hilli,1984.587587,1160
KRI,Krishnapatnam,PANVE,Panvel,Road,Secondary,Hilli,1947.987606,1169
KRI,Krishnapatnam,NAVI ,Navi Mumbai,Road,Secondary,Hilli,1941.035876,1182
KRI,Krishnapatnam,BHIWA,Bhiwandi,Road,Secondary,Hilli,1962.196407,1211
KRI,Krishnapatnam,SAMBA,Sambalpur,Road,Secondary,Hilli,2474.743211,1239
KRI,Krishnapatnam,RAIPU,Raipur,Road,Secondary,Hilli,1971.142918,1257
KRI,Krishnapatnam,JABAL,Jabalpur,Road,Secondary,Hilli,2545.45557,1261
KRI,Krishnapatnam,INDOR,Indore,Road,Secondary,Hilli,2327.003897,1337
KRI,Krishnapatnam,BILAS,Bilaspur,Road,Secondary,Hilli,2677.512959,1365
KRI,Krishnapatnam,SURAT,Surat,Road,Secondary,Hilli,2143.178845,1401
KRI,Krishnapatnam,SATNA,Satna,Road,Secondary,Hilli,2761.697377,1456
KRI,Krishnapatnam,HALDI,Haldia,Road,Secondary,Hilli,2935.676802,1506
KRI,Krishnapatnam,KOLKA,Kolkata,Road,Secondary,Hilli,3336.87283,1522
KRI,Krishnapatnam,RANCH,Ranchi,Road,Secondary,Hilli,3386.567455,1533
KRI,Krishnapatnam,ASANS,Asansol,Road,Secondary,Hilli,3192.415124,1588
KRI,Krishnapatnam,ALLAH,Allahabad,Road,Secondary,Hilli,3686.113188,1611
KRI,Krishnapatnam,AHMED,Ahmedabad,Road,Secondary,Hilli,2356.718066,1642
KRI,Krishnapatnam,GWALI,Gwalior,Road,Secondary,Hilli,3131.950922,1679
KRI,Krishnapatnam,VARAN,Varanasi,Road,Secondary,Hilli,4126.727955,1717
KRI,Krishnapatnam,AGRA,Agra,Road,Secondary,Hilli,4073.616264,1810
KRI,Krishnapatnam,KANPU,Kanpur,Road,Secondary,Hilli,3397.718765,1813
KRI,Krishnapatnam,RAJKO,Rajkot,Road,Secondary,Hilli,2429.654776,1824
KRI,Krishnapatnam,MALDA,Malda,Road,Secondary,Hilli,5475.997399,1856
KRI,Krishnapatnam,PURNE,Purnea,Road,Secondary,Hilli,5701.969125,1885
KRI,Krishnapatnam,FAIZA,Faizabad,Road,Secondary,Hilli,4118.182156,1893
KRI,Krishnapatnam,LUCKN,Lucknow,Road,Secondary,Hilli,3697.698199,1901
KRI,Krishnapatnam,MUZAF,Muzaffarpur,Road,Secondary,Hilli,4879.525835,1939
KRI,Krishnapatnam,CHAPR,Chapra,Road,Secondary,Hilli,2063.07723,1942
KRI,Krishnapatnam,GHAZI,Ghaziabad,Road,Secondary,Hilli,4057.482629,2029
KRI,Krishnapatnam,BAREI,Bareilly,Road,Secondary,Hilli,3853.461065,2043
KRI,Krishnapatnam,SILIG,Siliguri,Road,Secondary,Hilli,4765.997724,2053
KRI,Krishnapatnam,DELHI,Delhi,Road,Secondary,Hilli,4214.96081,2054
KRI,Krishnapatnam,ROHTA,Rohtak,Road,Secondary,Hilli,4015.474032,2112
KRI,Krishnapatnam,MORAD,Moradabad,Road,Secondary,Hilli,4489.393916,2140
KRI,Krishnapatnam,SAHAR,Saharanpur,Road,Secondary,Hilli,4257.760664,2210
KRI,Krishnapatnam,HISAR,Hisar,Road,Secondary,Hilli,4149.938806,2213
KRI,Krishnapatnam,HISSA,Hissar,Road,Secondary,Hilli,4080.165812,2213
KRI,Krishnapatnam,SHAHB,Shahbad,Road,Secondary,Hilli,4761.945226,2214
KRI,Krishnapatnam,BIRGA,Birganj,Road,Secondary,Hilli,6355.481261,2245
KRI,Krishnapatnam,PATLI,Patli,Road,Secondary,Hilli,4011.967668,2262
KRI,Krishnapatnam,RAJPU,Rajpura,Road,Secondary,Hilli,4428.934835,2263
KRI,Krishnapatnam,BADDI,Baddi,Road,Secondary,Hilli,4452.045515,2316
KRI,Krishnapatnam,LUDHI,Ludhiana,Road,Secondary,Hilli,3942.237454,2345
KRI,Krishnapatnam,BHATI,Bhatinda,Road,Secondary,Hilli,4130.966532,2364
KRI,Krishnapatnam,JALAN,Jalandhar,Road,Secondary,Hilli,4904.94382,2407
KRI,Krishnapatnam,JALLA,Jallandhar,Road,Secondary,Hilli,4105.495222,2407
KRI,Krishnapatnam,AMRIT,Amritsar,Road,Secondary,Hilli,4314.924135,2487
KRI,Krishnapatnam,BEHRA,Behrampur,Road,Secondary,Hilli,2325.184836,2513
KRI,Krishnapatnam,JAMMU,Jammu,Road,Secondary,Hilli,5199.989868,2626
